publisher,title,description,sourceUrl,cycle,subject,chapter,licence,access,outcomeIds,verified,approved,resourceType
Folens,Dive In! English Programme for Junior Cycle,"Discover Dive In!, the ideal programme for 1st-year students transitioning from primary to post-primary English. Engage with books, digital resources, and comprehensive planning tools.",https://folens.ie/pages/dive-in,JC,English,,Check publisher terms,Publisher ebook access may require a licence,,false,false,DigitalTextbook
Folens,Dive In! & Take the Plunge! | Junior Cycle English Programme,"Discover Dive In! & Take the Plunge!, a Junior Cycle English programme with engaging texts, skills development and teacher supports.",https://folens.ie/pages/dive-in-and-take-the-plunge,JC,English,,Check publisher terms,Publisher ebook access may require a licence,,false,false,DigitalTextbook
Educate.ie,À la une (ebook only 2 years),"À la une is the exciting new package for Leaving Certificate French Ordinary and Higher Levels. Ebook features audio for listening exercises playable on the page. Common reading and listening comprehensions with differentiated questions for Ordinary and Higher Levels, perfect for mixed-ability groups. Easy-to-teach lessons with clear progression from acquisition to production. Exam-focused with repeated and recognisable exam formats, including listening. Dossier bac sections at the end of every ",https://educate.ie/a-la-une-ebook-only,LC,French,,Check publisher terms,Publisher ebook access may require a licence,,false,false,DigitalTextbook
Educate.ie,Ahead For Business (ebook only 2 years),"FEATURES OF AHEAD FOR BUSINESS Exam-standard definitions and information drawn from marking schemes Recent and relevant examples in such areas as legislation, entrepreneurship, business news, and government policy Syllabus links included at the beginning of every chapter for ease of planning Chapters divided into sub-topics to assist with constructing lessons. Each sub-topic begins with a brief list of learning intentions and key terms Think Tank questions and self-assessment statements assess k",https://educate.ie/ahead-for-business-ebook-only-2-year,,Business,,Check publisher terms,Publisher ebook access may require a licence,,false,false,DigitalTextbook
Educate.ie,Alles Klar (ebook only 3 years),"All audio from the Alles Klar CDs are embedded throughout the ebook Clear and easy to follow, in line with the common-level course. Makes revisiting First Year topics quick and convenient. Deals comprehensively with the cultural aspect of language learning and opens up the German-speaking world beyond Europe, to include areas of South America and Africa. Learning intentions outline the topics, grammar and culture in each chapter. Lerntipp! feature provides important information and helpful tips ",https://educate.ie/alles-klar-ebook-only-3-years,,German,,Check publisher terms,Publisher ebook access may require a licence,,false,false,DigitalTextbook
Educate.ie,Allons-y 1 (2nd edition) - (ebook only 1 year),"The bestselling textbook for First Year Junior Cycle French, updated to reflect assessment and teacher feedback. Additional listening, reading and writing exercises matched to SEC Sample Paper questions. New Évaluation en classe tasks at the end of every chapter, modelled on Classroom-Based Assessments 1 and 2. Ebook features audio for listening exercies playable on each page. Ten engaging thematic chapters Suited to mixed-ability classes and the common-level course Integrated listening, reading",https://educate.ie/allons-y-1-2nd-edition-ebook-only,JC,French,,Check publisher terms,Publisher ebook access may require a licence,,false,false,DigitalTextbook
Educate.ie,Allons-y 2 (2nd edition) - (ebook only 2 years),"The bestselling package for Second and Third Year Junior Cycle French, updated to reflect assessment and teacher feedback. Features of the Allons-y 2 (2nd Edition) ebook All playable audio embedded on each page Eleven engaging thematic chapters Suited to mixed-ability classes and the common-level course Integrated listening, reading, writing and oral exercises Clear and accessible grammar sections Des mots clés boxes to build communicative competence Retenez ! feature to foster language awarenes",https://educate.ie/allons-y-2-2nd-edition-ebook-only-2-years,JC,French,,Check publisher terms,Publisher ebook access may require a licence,,false,false,DigitalTextbook
Educate.ie,Bio (ebook only 2 years),Bio is a Leaving Certificate Biology textbook suitable for Higher Level and Ordinary Level students. Features Learning objectives clearly outlined so students are aware what they must know from each chapter for the Leaving Certificate exam Exam-standard definitions included; other important terms also explained Simple language used throughout Practical activities clearly explained Mind map to aid revision at the end of each chapter End-of-chapter questions and past exam questions to prepare stud,https://educate.ie/bio-ebook-only-ebook-only-2-years,LC,Biology,,Check publisher terms,Publisher ebook access may require a licence,,false,false,DigitalTextbook
Educate.ie,C'est Parti ! (ebook only 2 years),This exam-focused ebook provides preparation for all aspects of the Leaving Certificate Ordinary Level French Examination in a way that makes student sense. It successfully reflects curriculum content and is in keeping with the style of the examination papers. C’est Parti ! En Route vers le Bac Ordinaire contains fresh and lively material that appeals to the interests of young people and provides coherent and comprehensive notes and guidelines for each section. It helps students develop the nece,https://educate.ie/c-est-parti-ebook-only-ebook-only-2-years,LC,French,,Check publisher terms,Publisher ebook access may require a licence,,false,false,DigitalTextbook
Educate.ie,Catalyst (ebook only 3 years),"Covers the Junior Cycle Science course in clear language at an appropriate reading age for students of this new common level course. Nature of Science is introduced in its own chapter and integrated throughout the four contextual strands. Dedicated sections for each of the contextual strands: Biological World, Chemical World, Physical World and Earth and Space. Topics are conveniently organised into double-page spreads. Learning intentions and key words are identified for students at the start o",https://educate.ie/catalyst-junior-cycle-science-ebook-only-3-years,JC,Science,,Check publisher terms,Publisher ebook access may require a licence,,false,false,DigitalTextbook
Educate.ie,Clé à la Grammaire (ebook only 2 years),"Clé à la Grammaire - French Grammar and Practice is a comprehensive grammar reference and practice book for all Post Primary students of French. The easy-to-follow theory and practice book will help students achieve a better grade in both written and oral expression, by improving their use of grammar.",https://educate.ie/cle-a-la-grammaire-ebook-only-ebook-only-2-years,,French,,Check publisher terms,Publisher ebook access may require a licence,,false,false,DigitalTextbook
Educate.ie,Complete Home Economics (2nd edition) - (ebook only 2 years),"Complete Home Economics is a student-friendly, up-to-date and comprehensive package for Higher and Ordinary Level students. The Complete Home Economics printed package includes a textbook, a Food Studies Assignment Guide, an Exam Skillbuilder Workbook, a Teacher’s Resource Book and digital resources. Complete Home Economics ebook: • Content is fully class-tested and written in line with the requirements of the marking scheme. Fully developed, syllabus-relevant points give students exactly what t",https://educate.ie/complete-home-economics-2nd-edition-2020-ebook-only,,Home Economics,,Check publisher terms,Publisher ebook access may require a licence,,false,false,DigitalTextbook
Educate.ie,Earth - *Option 8 (Culture and Identity) (2nd Edition) - (ebook only 2 years),"Features of Earth Option 8: Culture and Identity Second Edition ebook: Designed for Higher Level classes not studying Geoecology. This is a very worthwhile Option choice in which students examine the notion of identity and how it relates to concepts such as nationality, race, religion and language. Newly revised and up-to-date. Benefits from the author’s experience teaching Option 8 to his own students. Recommended to broaden students’ understanding of current discussions and events related to i",https://educate.ie/earth-option-8-culture-and-identity-2nd-edition-ebook-only,,Religion,,Check publisher terms,Publisher ebook access may require a licence,,false,false,DigitalTextbook
Educate.ie,Exprimez-vous ! (ebook only 2 years),"Leaving Certificate French, Higher and Ordinary Level. The author, Declan Webb, is an experienced language teacher and SEC examiner with an extensive knowledge of examination requirements. Structured preparation for the Leaving Certificate French Oral exam Engaging exam-focused dialogues also used as aural exercises Packed with embedded audio clips throughout the ebook Comprehensive lists of vocabulary include all the necessary expressions for the exam Themed phrases and idiomatic expressions he",https://educate.ie/exprimez-vous-ebook-only-ebook-only-2-years,LC,French,,Check publisher terms,Publisher ebook access may require a licence,,false,false,DigitalTextbook
